{
  "desktop": {
    "phone": {
      "l": 525,
      "t": 20,
      "r": 915,
      "b": 864,
      "w": 390,
      "h": 844
    },
    "screen": {
      "l": 537,
      "t": 32,
      "r": 903,
      "b": 852,
      "w": 366,
      "h": 820
    },
    "host": {
      "l": 537,
      "t": 32,
      "r": 903,
      "b": 852,
      "w": 366,
      "h": 820
    },
    "reader": {
      "l": 537,
      "t": 32,
      "r": 903,
      "b": 852,
      "w": 366,
      "h": 820
    },
    "back": {
      "l": 844,
      "t": 42,
      "r": 888,
      "b": 86,
      "w": 44,
      "h": 44
    },
    "page": {
      "l": 537,
      "t": 96,
      "r": 903,
      "b": 613.765625,
      "w": 366,
      "h": 517.765625
    },
    "bodyBg": "rgb(237, 241, 244)",
    "pages": 1,
    "words": 476
  },
  "select": "حركة",
  "paletteVisible": true,
  "highlights": 1,
  "mobile": {
    "phone": {
      "l": 0,
      "t": 20,
      "r": 390,
      "b": 864,
      "w": 390,
      "h": 844
    },
    "screen": {
      "l": 12,
      "t": 32,
      "r": 378,
      "b": 852,
      "w": 366,
      "h": 820
    },
    "reader": {
      "l": 0,
      "t": 0,
      "r": 390,
      "b": 844,
      "w": 390,
      "h": 844
    },
    "back": {
      "l": 332,
      "t": 10,
      "r": 376,
      "b": 54,
      "w": 44,
      "h": 44
    },
    "bodyBg": "rgb(237, 241, 244)"
  }
}